{"textures":{"0":"modelengine:entity/nature_hands","particle":"#0"},"elements":[{"from":[12.40941,12.495689,13.170589],"to":[3.59058,2.11137,2.7862701],"faces":{"east":{"uv":[4.0,7.125,4.125,7.25],"tintindex":0,"rotation":0,"texture":"#0"},"south":{"uv":[4.0,7.125,4.125,7.25],"tintindex":0,"rotation":0,"texture":"#0"},"north":{"uv":[4.0,7.125,4.125,7.25],"tintindex":0,"rotation":0,"texture":"#0"},"west":{"uv":[4.0,7.125,4.125,7.25],"tintindex":0,"rotation":0,"texture":"#0"},"up":{"uv":[4.0,7.125,4.125,7.25],"tintindex":0,"rotation":180,"texture":"#0"},"down":{"uv":[4.0,7.125,4.125,7.25],"tintindex":0,"rotation":180,"texture":"#0"}},"rotation":{"origin":[8.0,12.0,7.0],"angle":-22.5,"axis":"x"}},{"from":[4.6733303,6.7164726,1.9121494],"to":[11.32667,26.67648,10.13098],"faces":{"east":{"uv":[4.625,7.0,5.625,9.5],"tintindex":0,"rotation":180,"texture":"#0"},"south":{"uv":[6.625,8.5,7.4375,11.0],"tintindex":0,"rotation":180,"texture":"#0"},"north":{"uv":[7.5,8.5,8.3125,11.0],"tintindex":0,"rotation":180,"texture":"#0"},"west":{"uv":[5.625,7.0,6.625,9.5],"tintindex":0,"rotation":180,"texture":"#0"},"up":{"uv":[5.75,10.75,6.5625,11.75],"tintindex":0,"rotation":0,"texture":"#0"},"down":{"uv":[4.875,10.75,5.6875,11.75],"tintindex":0,"rotation":0,"texture":"#0"}},"rotation":{"origin":[8.0,12.0,7.0],"angle":-22.5,"axis":"x"}},{"from":[12.70941,12.795692,13.470591],"to":[3.2905798,1.8113708,2.48627],"faces":{"east":{"uv":[3.625,7.125,3.75,7.25],"tintindex":0,"rotation":0,"texture":"#0"},"south":{"uv":[3.625,7.125,3.75,7.25],"tintindex":0,"rotation":0,"texture":"#0"},"north":{"uv":[3.625,7.125,3.75,7.25],"tintindex":0,"rotation":0,"texture":"#0"},"west":{"uv":[3.625,7.125,3.75,7.25],"tintindex":0,"rotation":0,"texture":"#0"},"up":{"uv":[3.625,7.125,3.75,7.25],"tintindex":0,"rotation":180,"texture":"#0"},"down":{"uv":[3.625,7.125,3.75,7.25],"tintindex":0,"rotation":180,"texture":"#0"}},"rotation":{"origin":[8.0,12.0,7.0],"angle":-22.5,"axis":"x"}},{"from":[3.8905802,2.4113693,3.0862694],"to":[12.109409,12.19569,12.87059],"faces":{"east":{"uv":[2.75,9.75,4.0,11.0],"tintindex":0,"rotation":180,"texture":"#0"},"south":{"uv":[8.375,10.5,9.375,11.75],"tintindex":0,"rotation":180,"texture":"#0"},"north":{"uv":[10.625,0.0,11.625,1.25],"tintindex":0,"rotation":180,"texture":"#0"},"west":{"uv":[9.375,9.75,10.625,11.0],"tintindex":0,"rotation":180,"texture":"#0"},"up":{"uv":[10.625,9.0,11.625,10.25],"tintindex":0,"rotation":0,"texture":"#0"},"down":{"uv":[10.625,7.75,11.625,9.0],"tintindex":0,"rotation":0,"texture":"#0"}},"rotation":{"origin":[8.0,12.0,7.0],"angle":-22.5,"axis":"x"}},{"from":[11.62667,26.976482,10.430981],"to":[4.37333,6.4164696,1.6121502],"faces":{"east":{"uv":[4.0,7.125,4.125,7.25],"tintindex":0,"rotation":0,"texture":"#0"},"south":{"uv":[4.0,7.125,4.125,7.25],"tintindex":0,"rotation":0,"texture":"#0"},"north":{"uv":[4.0,7.125,4.125,7.25],"tintindex":0,"rotation":0,"texture":"#0"},"west":{"uv":[4.0,7.125,4.125,7.25],"tintindex":0,"rotation":0,"texture":"#0"},"up":{"uv":[4.0,7.125,4.125,7.25],"tintindex":0,"rotation":180,"texture":"#0"},"down":{"uv":[4.0,7.125,4.125,7.25],"tintindex":0,"rotation":180,"texture":"#0"}},"rotation":{"origin":[8.0,12.0,7.0],"angle":-22.5,"axis":"x"}},{"from":[11.92667,27.276482,10.73098],"to":[4.07333,6.1164703,1.31215],"faces":{"east":{"uv":[3.625,7.125,3.75,7.25],"tintindex":0,"rotation":0,"texture":"#0"},"south":{"uv":[3.625,7.125,3.75,7.25],"tintindex":0,"rotation":0,"texture":"#0"},"north":{"uv":[3.625,7.125,3.75,7.25],"tintindex":0,"rotation":0,"texture":"#0"},"west":{"uv":[3.625,7.125,3.75,7.25],"tintindex":0,"rotation":0,"texture":"#0"},"up":{"uv":[3.625,7.125,3.75,7.25],"tintindex":0,"rotation":180,"texture":"#0"},"down":{"uv":[3.625,7.125,3.75,7.25],"tintindex":0,"rotation":180,"texture":"#0"}},"rotation":{"origin":[8.0,12.0,7.0],"angle":-22.5,"axis":"x"}}],"display":{"gui":{"rotation":[-150.0,-45.0,180.0]}}}