{"textures":{"0":"modelengine:entity/nature_hands","particle":"#0"},"elements":[{"from":[4.66681,9.0333605,-5.5869694],"to":[11.33319,24.30994,2.6449091],"faces":{"east":{"uv":[0.0,9.25,1.0,11.1875],"tintindex":0,"rotation":180,"texture":"#0"},"south":{"uv":[1.875,9.25,2.6875,11.1875],"tintindex":0,"rotation":180,"texture":"#0"},"north":{"uv":[1.0,9.25,1.8125,11.1875],"tintindex":0,"rotation":180,"texture":"#0"},"west":{"uv":[8.375,8.5,9.375,10.4375],"tintindex":0,"rotation":180,"texture":"#0"},"up":{"uv":[4.8125,11.75,4.0,10.75],"tintindex":0,"rotation":0,"texture":"#0"},"down":{"uv":[11.4375,11.25,10.625,10.25],"tintindex":0,"rotation":0,"texture":"#0"}},"rotation":{"origin":[8.0,26.243399,-3.299981],"angle":-22.5,"axis":"x"}},{"from":[11.631189,24.607939,2.9429102],"to":[4.3688097,8.735359,-5.8849707],"faces":{"east":{"uv":[4.125,7.125,4.0,7.25],"tintindex":0,"rotation":0,"texture":"#0"},"south":{"uv":[4.125,7.125,4.0,7.25],"tintindex":0,"rotation":0,"texture":"#0"},"north":{"uv":[4.125,7.125,4.0,7.25],"tintindex":0,"rotation":0,"texture":"#0"},"west":{"uv":[4.125,7.125,4.0,7.25],"tintindex":0,"rotation":0,"texture":"#0"},"up":{"uv":[4.125,7.125,4.0,7.25],"tintindex":0,"rotation":180,"texture":"#0"},"down":{"uv":[4.125,7.125,4.0,7.25],"tintindex":0,"rotation":180,"texture":"#0"}},"rotation":{"origin":[8.0,26.243399,-3.299981],"angle":-22.5,"axis":"x"}},{"from":[3.8905897,2.8428097,-14.153992],"to":[12.10942,12.6271305,-4.36967],"faces":{"east":{"uv":[4.625,9.5,5.875,10.75],"tintindex":0,"rotation":180,"texture":"#0"},"south":{"uv":[10.0,5.25,11.0,6.5],"tintindex":0,"rotation":180,"texture":"#0"},"north":{"uv":[10.0,4.0,11.0,5.25],"tintindex":0,"rotation":180,"texture":"#0"},"west":{"uv":[9.375,8.5,10.625,9.75],"tintindex":0,"rotation":180,"texture":"#0"},"up":{"uv":[11.5,3.25,10.5,2.0],"tintindex":0,"rotation":0,"texture":"#0"},"down":{"uv":[11.0,7.75,10.0,6.5],"tintindex":0,"rotation":0,"texture":"#0"}},"rotation":{"origin":[8.0,26.243399,-3.299981],"angle":-45.0,"axis":"x"}},{"from":[12.70942,13.227129,-3.7696695],"to":[3.2905903,2.2428093,-14.75399],"faces":{"east":{"uv":[3.75,7.125,3.625,7.25],"tintindex":0,"rotation":0,"texture":"#0"},"south":{"uv":[3.75,7.125,3.625,7.25],"tintindex":0,"rotation":0,"texture":"#0"},"north":{"uv":[3.75,7.125,3.625,7.25],"tintindex":0,"rotation":0,"texture":"#0"},"west":{"uv":[3.75,7.125,3.625,7.25],"tintindex":0,"rotation":0,"texture":"#0"},"up":{"uv":[3.75,7.125,3.625,7.25],"tintindex":0,"rotation":180,"texture":"#0"},"down":{"uv":[3.75,7.125,3.625,7.25],"tintindex":0,"rotation":180,"texture":"#0"}},"rotation":{"origin":[8.0,26.243399,-3.299981],"angle":-45.0,"axis":"x"}},{"from":[12.40942,12.92713,-4.0696707],"to":[3.5905895,2.5428104,-14.453991],"faces":{"east":{"uv":[4.125,7.125,4.0,7.25],"tintindex":0,"rotation":0,"texture":"#0"},"south":{"uv":[4.125,7.125,4.0,7.25],"tintindex":0,"rotation":0,"texture":"#0"},"north":{"uv":[4.125,7.125,4.0,7.25],"tintindex":0,"rotation":0,"texture":"#0"},"west":{"uv":[4.125,7.125,4.0,7.25],"tintindex":0,"rotation":0,"texture":"#0"},"up":{"uv":[4.125,7.125,4.0,7.25],"tintindex":0,"rotation":180,"texture":"#0"},"down":{"uv":[4.125,7.125,4.0,7.25],"tintindex":0,"rotation":180,"texture":"#0"}},"rotation":{"origin":[8.0,26.243399,-3.299981],"angle":-45.0,"axis":"x"}},{"from":[11.93119,24.907938,3.2429094],"to":[4.0688095,8.43536,-6.18497],"faces":{"east":{"uv":[3.75,7.125,3.625,7.25],"tintindex":0,"rotation":0,"texture":"#0"},"south":{"uv":[3.75,7.125,3.625,7.25],"tintindex":0,"rotation":0,"texture":"#0"},"north":{"uv":[3.75,7.125,3.625,7.25],"tintindex":0,"rotation":0,"texture":"#0"},"west":{"uv":[3.75,7.125,3.625,7.25],"tintindex":0,"rotation":0,"texture":"#0"},"up":{"uv":[3.75,7.125,3.625,7.25],"tintindex":0,"rotation":180,"texture":"#0"},"down":{"uv":[3.75,7.125,3.625,7.25],"tintindex":0,"rotation":180,"texture":"#0"}},"rotation":{"origin":[8.0,26.243399,-3.299981],"angle":-22.5,"axis":"x"}}],"display":{"gui":{"rotation":[-150.0,-45.0,180.0]}}}