{"textures":{"0":"modelengine:entity/nature_hands","particle":"#0"},"elements":[{"from":[3.8905897,1.4113693,5.12941],"to":[12.10942,11.19569,14.913731],"faces":{"east":{"uv":[9.375,9.75,10.625,11.0],"tintindex":0,"rotation":180,"texture":"#0"},"south":{"uv":[10.625,0.0,11.625,1.25],"tintindex":0,"rotation":180,"texture":"#0"},"north":{"uv":[8.375,10.5,9.375,11.75],"tintindex":0,"rotation":180,"texture":"#0"},"west":{"uv":[2.75,9.75,4.0,11.0],"tintindex":0,"rotation":180,"texture":"#0"},"up":{"uv":[11.625,10.25,10.625,9.0],"tintindex":0,"rotation":0,"texture":"#0"},"down":{"uv":[11.625,9.0,10.625,7.75],"tintindex":0,"rotation":0,"texture":"#0"}},"rotation":{"origin":[8.0,11.0,11.0],"angle":22.5,"axis":"x"}},{"from":[11.62667,25.976482,16.38785],"to":[4.37333,5.4164696,7.5690193],"faces":{"east":{"uv":[4.125,7.125,4.0,7.25],"tintindex":0,"rotation":0,"texture":"#0"},"south":{"uv":[4.125,7.125,4.0,7.25],"tintindex":0,"rotation":0,"texture":"#0"},"north":{"uv":[4.125,7.125,4.0,7.25],"tintindex":0,"rotation":0,"texture":"#0"},"west":{"uv":[4.125,7.125,4.0,7.25],"tintindex":0,"rotation":0,"texture":"#0"},"up":{"uv":[4.125,7.125,4.0,7.25],"tintindex":0,"rotation":180,"texture":"#0"},"down":{"uv":[4.125,7.125,4.0,7.25],"tintindex":0,"rotation":180,"texture":"#0"}},"rotation":{"origin":[8.0,11.0,11.0],"angle":22.5,"axis":"x"}},{"from":[11.92667,26.276482,16.68785],"to":[4.07333,5.1164703,7.26902],"faces":{"east":{"uv":[3.75,7.125,3.625,7.25],"tintindex":0,"rotation":0,"texture":"#0"},"south":{"uv":[3.75,7.125,3.625,7.25],"tintindex":0,"rotation":0,"texture":"#0"},"north":{"uv":[3.75,7.125,3.625,7.25],"tintindex":0,"rotation":0,"texture":"#0"},"west":{"uv":[3.75,7.125,3.625,7.25],"tintindex":0,"rotation":0,"texture":"#0"},"up":{"uv":[3.75,7.125,3.625,7.25],"tintindex":0,"rotation":180,"texture":"#0"},"down":{"uv":[3.75,7.125,3.625,7.25],"tintindex":0,"rotation":180,"texture":"#0"}},"rotation":{"origin":[8.0,11.0,11.0],"angle":22.5,"axis":"x"}},{"from":[12.40942,11.495689,15.21373],"to":[3.5905895,1.1113701,4.8294106],"faces":{"east":{"uv":[4.125,7.125,4.0,7.25],"tintindex":0,"rotation":0,"texture":"#0"},"south":{"uv":[4.125,7.125,4.0,7.25],"tintindex":0,"rotation":0,"texture":"#0"},"north":{"uv":[4.125,7.125,4.0,7.25],"tintindex":0,"rotation":0,"texture":"#0"},"west":{"uv":[4.125,7.125,4.0,7.25],"tintindex":0,"rotation":0,"texture":"#0"},"up":{"uv":[4.125,7.125,4.0,7.25],"tintindex":0,"rotation":180,"texture":"#0"},"down":{"uv":[4.125,7.125,4.0,7.25],"tintindex":0,"rotation":180,"texture":"#0"}},"rotation":{"origin":[8.0,11.0,11.0],"angle":22.5,"axis":"x"}},{"from":[4.6733303,5.7164726,7.8690205],"to":[11.32667,25.67648,16.08785],"faces":{"east":{"uv":[5.625,7.0,6.625,9.5],"tintindex":0,"rotation":180,"texture":"#0"},"south":{"uv":[7.5,8.5,8.3125,11.0],"tintindex":0,"rotation":180,"texture":"#0"},"north":{"uv":[6.625,8.5,7.4375,11.0],"tintindex":0,"rotation":180,"texture":"#0"},"west":{"uv":[4.625,7.0,5.625,9.5],"tintindex":0,"rotation":180,"texture":"#0"},"up":{"uv":[6.5625,11.75,5.75,10.75],"tintindex":0,"rotation":0,"texture":"#0"},"down":{"uv":[5.6875,11.75,4.875,10.75],"tintindex":0,"rotation":0,"texture":"#0"}},"rotation":{"origin":[8.0,11.0,11.0],"angle":22.5,"axis":"x"}},{"from":[12.70942,11.795692,15.513731],"to":[3.2905903,0.81137085,4.5294094],"faces":{"east":{"uv":[3.75,7.125,3.625,7.25],"tintindex":0,"rotation":0,"texture":"#0"},"south":{"uv":[3.75,7.125,3.625,7.25],"tintindex":0,"rotation":0,"texture":"#0"},"north":{"uv":[3.75,7.125,3.625,7.25],"tintindex":0,"rotation":0,"texture":"#0"},"west":{"uv":[3.75,7.125,3.625,7.25],"tintindex":0,"rotation":0,"texture":"#0"},"up":{"uv":[3.75,7.125,3.625,7.25],"tintindex":0,"rotation":180,"texture":"#0"},"down":{"uv":[3.75,7.125,3.625,7.25],"tintindex":0,"rotation":180,"texture":"#0"}},"rotation":{"origin":[8.0,11.0,11.0],"angle":22.5,"axis":"x"}}],"display":{"gui":{"rotation":[-150.0,-45.0,180.0]}}}