{"textures":{"0":"modelengine:entity/nature_hands","particle":"#0"},"elements":[{"from":[12.70941,15.227129,29.33687],"to":[3.2905798,4.2428093,18.352549],"faces":{"east":{"uv":[3.625,7.125,3.75,7.25],"tintindex":0,"rotation":0,"texture":"#0"},"south":{"uv":[3.625,7.125,3.75,7.25],"tintindex":0,"rotation":0,"texture":"#0"},"north":{"uv":[3.625,7.125,3.75,7.25],"tintindex":0,"rotation":0,"texture":"#0"},"west":{"uv":[3.625,7.125,3.75,7.25],"tintindex":0,"rotation":0,"texture":"#0"},"up":{"uv":[3.625,7.125,3.75,7.25],"tintindex":0,"rotation":180,"texture":"#0"},"down":{"uv":[3.625,7.125,3.75,7.25],"tintindex":0,"rotation":180,"texture":"#0"}},"rotation":{"origin":[8.0,28.243399,17.88286],"angle":45.0,"axis":"x"}},{"from":[4.66681,11.0333605,11.93797],"to":[11.33319,26.30994,20.16985],"faces":{"east":{"uv":[8.375,8.5,9.375,10.4375],"tintindex":0,"rotation":180,"texture":"#0"},"south":{"uv":[1.0,9.25,1.8125,11.1875],"tintindex":0,"rotation":180,"texture":"#0"},"north":{"uv":[1.875,9.25,2.6875,11.1875],"tintindex":0,"rotation":180,"texture":"#0"},"west":{"uv":[0.0,9.25,1.0,11.1875],"tintindex":0,"rotation":180,"texture":"#0"},"up":{"uv":[4.8125,10.75,4.0,11.75],"tintindex":0,"rotation":0,"texture":"#0"},"down":{"uv":[11.4375,11.25,10.625,10.25],"tintindex":0,"rotation":0,"texture":"#0"}},"rotation":{"origin":[8.0,28.243399,17.88286],"angle":22.5,"axis":"x"}},{"from":[3.8905802,4.8428097,18.952549],"to":[12.109409,14.6271305,28.73687],"faces":{"east":{"uv":[9.375,8.5,10.625,9.75],"tintindex":0,"rotation":180,"texture":"#0"},"south":{"uv":[10.0,4.0,11.0,5.25],"tintindex":0,"rotation":180,"texture":"#0"},"north":{"uv":[10.0,5.25,11.0,6.5],"tintindex":0,"rotation":180,"texture":"#0"},"west":{"uv":[4.625,9.5,5.875,10.75],"tintindex":0,"rotation":180,"texture":"#0"},"up":{"uv":[11.5,2.0,10.5,3.25],"tintindex":0,"rotation":0,"texture":"#0"},"down":{"uv":[11.0,7.75,10.0,6.5],"tintindex":0,"rotation":0,"texture":"#0"}},"rotation":{"origin":[8.0,28.243399,17.88286],"angle":45.0,"axis":"x"}},{"from":[11.9311905,26.907938,20.767849],"to":[4.0688105,10.43536,11.33997],"faces":{"east":{"uv":[3.625,7.125,3.75,7.25],"tintindex":0,"rotation":0,"texture":"#0"},"south":{"uv":[3.625,7.125,3.75,7.25],"tintindex":0,"rotation":0,"texture":"#0"},"north":{"uv":[3.625,7.125,3.75,7.25],"tintindex":0,"rotation":0,"texture":"#0"},"west":{"uv":[3.625,7.125,3.75,7.25],"tintindex":0,"rotation":0,"texture":"#0"},"up":{"uv":[3.625,7.125,3.75,7.25],"tintindex":0,"rotation":180,"texture":"#0"},"down":{"uv":[3.625,7.125,3.75,7.25],"tintindex":0,"rotation":180,"texture":"#0"}},"rotation":{"origin":[8.0,28.243399,17.88286],"angle":22.5,"axis":"x"}},{"from":[12.40941,14.92713,29.03687],"to":[3.59058,4.5428104,18.65255],"faces":{"east":{"uv":[4.0,7.125,4.125,7.25],"tintindex":0,"rotation":0,"texture":"#0"},"south":{"uv":[4.0,7.125,4.125,7.25],"tintindex":0,"rotation":0,"texture":"#0"},"north":{"uv":[4.0,7.125,4.125,7.25],"tintindex":0,"rotation":0,"texture":"#0"},"west":{"uv":[4.0,7.125,4.125,7.25],"tintindex":0,"rotation":0,"texture":"#0"},"up":{"uv":[4.0,7.125,4.125,7.25],"tintindex":0,"rotation":180,"texture":"#0"},"down":{"uv":[4.0,7.125,4.125,7.25],"tintindex":0,"rotation":180,"texture":"#0"}},"rotation":{"origin":[8.0,28.243399,17.88286],"angle":45.0,"axis":"x"}},{"from":[11.631189,26.607939,20.46785],"to":[4.3688097,10.735359,11.639971],"faces":{"east":{"uv":[4.0,7.125,4.125,7.25],"tintindex":0,"rotation":0,"texture":"#0"},"south":{"uv":[4.0,7.125,4.125,7.25],"tintindex":0,"rotation":0,"texture":"#0"},"north":{"uv":[4.0,7.125,4.125,7.25],"tintindex":0,"rotation":0,"texture":"#0"},"west":{"uv":[4.0,7.125,4.125,7.25],"tintindex":0,"rotation":0,"texture":"#0"},"up":{"uv":[4.0,7.125,4.125,7.25],"tintindex":0,"rotation":180,"texture":"#0"},"down":{"uv":[4.0,7.125,4.125,7.25],"tintindex":0,"rotation":180,"texture":"#0"}},"rotation":{"origin":[8.0,28.243399,17.88286],"angle":22.5,"axis":"x"}}],"display":{"gui":{"rotation":[-150.0,-45.0,180.0]}}}