{"textures":{"0":"modelengine:entity/ancestor_hands","particle":"#0"},"elements":[{"from":[11.63119,7.0278797,19.623928],"to":[4.3688097,-8.8447,10.79605],"faces":{"east":{"uv":[6.625,4.5,6.75,4.625],"tintindex":0,"rotation":180,"texture":"#0"},"south":{"uv":[6.625,4.5,6.75,4.625],"tintindex":0,"rotation":180,"texture":"#0"},"north":{"uv":[6.625,4.5,6.75,4.625],"tintindex":0,"rotation":180,"texture":"#0"},"west":{"uv":[6.625,4.5,6.75,4.625],"tintindex":0,"rotation":180,"texture":"#0"},"up":{"uv":[6.625,4.5,6.75,4.625],"tintindex":0,"rotation":180,"texture":"#0"},"down":{"uv":[6.625,4.5,6.75,4.625],"tintindex":0,"rotation":180,"texture":"#0"}},"rotation":{"origin":[8.0,-10.48016,17.03894],"angle":-22.5,"axis":"x"}},{"from":[12.4094095,13.22043,28.192947],"to":[3.59058,2.83611,17.808628],"faces":{"east":{"uv":[6.625,4.5,6.75,4.625],"tintindex":0,"rotation":180,"texture":"#0"},"south":{"uv":[6.625,4.5,6.75,4.625],"tintindex":0,"rotation":180,"texture":"#0"},"north":{"uv":[6.625,4.5,6.75,4.625],"tintindex":0,"rotation":180,"texture":"#0"},"west":{"uv":[6.625,4.5,6.75,4.625],"tintindex":0,"rotation":180,"texture":"#0"},"up":{"uv":[6.625,4.5,6.75,4.625],"tintindex":0,"rotation":180,"texture":"#0"},"down":{"uv":[6.625,4.5,6.75,4.625],"tintindex":0,"rotation":180,"texture":"#0"}},"rotation":{"origin":[8.0,-10.48016,17.03894],"angle":-45.0,"axis":"x"}},{"from":[12.70941,13.52043,28.49295],"to":[3.2905798,2.53611,17.508629],"faces":{"east":{"uv":[6.5,4.375,6.625,4.5],"tintindex":0,"rotation":180,"texture":"#0"},"south":{"uv":[6.5,4.375,6.625,4.5],"tintindex":0,"rotation":180,"texture":"#0"},"north":{"uv":[6.5,4.375,6.625,4.5],"tintindex":0,"rotation":180,"texture":"#0"},"west":{"uv":[6.5,4.375,6.625,4.5],"tintindex":0,"rotation":180,"texture":"#0"},"up":{"uv":[6.5,4.375,6.625,4.5],"tintindex":0,"rotation":180,"texture":"#0"},"down":{"uv":[6.5,4.375,6.625,4.5],"tintindex":0,"rotation":180,"texture":"#0"}},"rotation":{"origin":[8.0,-10.48016,17.03894],"angle":-45.0,"axis":"x"}},{"from":[4.66681,-8.5467005,11.094049],"to":[11.33319,6.7298803,19.32593],"faces":{"east":{"uv":[4.75,8.125,3.75,10.0],"tintindex":0,"rotation":0,"texture":"#0"},"south":{"uv":[5.625,8.125,4.75,10.0],"tintindex":0,"rotation":0,"texture":"#0"},"north":{"uv":[9.875,1.875,9.0,3.75],"tintindex":0,"rotation":0,"texture":"#0"},"west":{"uv":[9.5,6.25,8.5,8.125],"tintindex":0,"rotation":0,"texture":"#0"},"up":{"uv":[9.0,2.5,8.125,3.5],"tintindex":0,"rotation":0,"texture":"#0"},"down":{"uv":[0.875,12.375,0.0,11.375],"tintindex":0,"rotation":0,"texture":"#0"}},"rotation":{"origin":[8.0,-10.48016,17.03894],"angle":-22.5,"axis":"x"}},{"from":[3.8905802,3.1361094,18.108631],"to":[12.10941,12.920429,27.892948],"faces":{"east":{"uv":[11.125,1.875,9.875,3.125],"tintindex":0,"rotation":0,"texture":"#0"},"south":{"uv":[11.375,5.625,10.375,6.875],"tintindex":0,"rotation":0,"texture":"#0"},"north":{"uv":[11.375,6.875,10.375,8.125],"tintindex":0,"rotation":0,"texture":"#0"},"west":{"uv":[11.25,0.0,10.0,1.25],"tintindex":0,"rotation":0,"texture":"#0"},"up":{"uv":[11.375,8.125,10.375,9.375],"tintindex":0,"rotation":0,"texture":"#0"},"down":{"uv":[6.0,11.75,5.0,10.5],"tintindex":0,"rotation":0,"texture":"#0"}},"rotation":{"origin":[8.0,-10.48016,17.03894],"angle":-45.0,"axis":"x"}},{"from":[11.93119,7.327879,19.923931],"to":[4.06881,-9.144701,10.496049],"faces":{"east":{"uv":[6.5,4.375,6.625,4.5],"tintindex":0,"rotation":180,"texture":"#0"},"south":{"uv":[6.5,4.375,6.625,4.5],"tintindex":0,"rotation":180,"texture":"#0"},"north":{"uv":[6.5,4.375,6.625,4.5],"tintindex":0,"rotation":180,"texture":"#0"},"west":{"uv":[6.5,4.375,6.625,4.5],"tintindex":0,"rotation":180,"texture":"#0"},"up":{"uv":[6.5,4.375,6.625,4.5],"tintindex":0,"rotation":180,"texture":"#0"},"down":{"uv":[6.5,4.375,6.625,4.5],"tintindex":0,"rotation":180,"texture":"#0"}},"rotation":{"origin":[8.0,-10.48016,17.03894],"angle":-22.5,"axis":"x"}}],"display":{"gui":{"rotation":[-150.0,-45.0,180.0]}}}