{"textures":{"0":"modelengine:entity/ancestor_hands","particle":"#0"},"elements":[{"from":[11.631189,7.0278797,5.2039495],"to":[4.3688097,-8.8447,-3.62393],"faces":{"east":{"uv":[6.625,4.5,6.75,4.625],"tintindex":0,"rotation":180,"texture":"#0"},"south":{"uv":[6.625,4.5,6.75,4.625],"tintindex":0,"rotation":180,"texture":"#0"},"north":{"uv":[6.625,4.5,6.75,4.625],"tintindex":0,"rotation":180,"texture":"#0"},"west":{"uv":[6.625,4.5,6.75,4.625],"tintindex":0,"rotation":180,"texture":"#0"},"up":{"uv":[6.625,4.5,6.75,4.625],"tintindex":0,"rotation":180,"texture":"#0"},"down":{"uv":[6.625,4.5,6.75,4.625],"tintindex":0,"rotation":180,"texture":"#0"}},"rotation":{"origin":[8.0,-10.48016,-1.0389404],"angle":22.5,"axis":"x"}},{"from":[12.40941,13.22043,-1.80863],"to":[3.59058,2.83611,-12.192951],"faces":{"east":{"uv":[6.625,4.5,6.75,4.625],"tintindex":0,"rotation":180,"texture":"#0"},"south":{"uv":[6.625,4.5,6.75,4.625],"tintindex":0,"rotation":180,"texture":"#0"},"north":{"uv":[6.625,4.5,6.75,4.625],"tintindex":0,"rotation":180,"texture":"#0"},"west":{"uv":[6.625,4.5,6.75,4.625],"tintindex":0,"rotation":180,"texture":"#0"},"up":{"uv":[6.625,4.5,6.75,4.625],"tintindex":0,"rotation":180,"texture":"#0"},"down":{"uv":[6.625,4.5,6.75,4.625],"tintindex":0,"rotation":180,"texture":"#0"}},"rotation":{"origin":[8.0,-10.48016,-1.0389404],"angle":45.0,"axis":"x"}},{"from":[4.66681,-8.5467005,-3.3259308],"to":[11.33319,6.7298794,4.90595],"faces":{"east":{"uv":[3.75,8.125,4.75,10.0],"tintindex":0,"rotation":0,"texture":"#0"},"south":{"uv":[9.0,1.875,9.875,3.75],"tintindex":0,"rotation":0,"texture":"#0"},"north":{"uv":[4.75,8.125,5.625,10.0],"tintindex":0,"rotation":0,"texture":"#0"},"west":{"uv":[8.5,6.25,9.5,8.125],"tintindex":0,"rotation":0,"texture":"#0"},"up":{"uv":[9.0,3.5,8.125,2.5],"tintindex":0,"rotation":0,"texture":"#0"},"down":{"uv":[0.875,11.375,0.0,12.375],"tintindex":0,"rotation":0,"texture":"#0"}},"rotation":{"origin":[8.0,-10.48016,-1.0389404],"angle":22.5,"axis":"x"}},{"from":[3.8905802,3.1361094,-11.89295],"to":[12.109409,12.920429,-2.1086311],"faces":{"east":{"uv":[9.875,1.875,11.125,3.125],"tintindex":0,"rotation":0,"texture":"#0"},"south":{"uv":[10.375,6.875,11.375,8.125],"tintindex":0,"rotation":0,"texture":"#0"},"north":{"uv":[10.375,5.625,11.375,6.875],"tintindex":0,"rotation":0,"texture":"#0"},"west":{"uv":[10.0,0.0,11.25,1.25],"tintindex":0,"rotation":0,"texture":"#0"},"up":{"uv":[11.375,9.375,10.375,8.125],"tintindex":0,"rotation":0,"texture":"#0"},"down":{"uv":[6.0,10.5,5.0,11.75],"tintindex":0,"rotation":0,"texture":"#0"}},"rotation":{"origin":[8.0,-10.48016,-1.0389404],"angle":45.0,"axis":"x"}},{"from":[12.70941,13.52043,-1.5086308],"to":[3.2905798,2.53611,-12.49295],"faces":{"east":{"uv":[6.5,4.375,6.625,4.5],"tintindex":0,"rotation":180,"texture":"#0"},"south":{"uv":[6.5,4.375,6.625,4.5],"tintindex":0,"rotation":180,"texture":"#0"},"north":{"uv":[6.5,4.375,6.625,4.5],"tintindex":0,"rotation":180,"texture":"#0"},"west":{"uv":[6.5,4.375,6.625,4.5],"tintindex":0,"rotation":180,"texture":"#0"},"up":{"uv":[6.5,4.375,6.625,4.5],"tintindex":0,"rotation":180,"texture":"#0"},"down":{"uv":[6.5,4.375,6.625,4.5],"tintindex":0,"rotation":180,"texture":"#0"}},"rotation":{"origin":[8.0,-10.48016,-1.0389404],"angle":45.0,"axis":"x"}},{"from":[11.9311905,7.32788,5.5039496],"to":[4.0688105,-9.144701,-3.9239311],"faces":{"east":{"uv":[6.5,4.375,6.625,4.5],"tintindex":0,"rotation":180,"texture":"#0"},"south":{"uv":[6.5,4.375,6.625,4.5],"tintindex":0,"rotation":180,"texture":"#0"},"north":{"uv":[6.5,4.375,6.625,4.5],"tintindex":0,"rotation":180,"texture":"#0"},"west":{"uv":[6.5,4.375,6.625,4.5],"tintindex":0,"rotation":180,"texture":"#0"},"up":{"uv":[6.5,4.375,6.625,4.5],"tintindex":0,"rotation":180,"texture":"#0"},"down":{"uv":[6.5,4.375,6.625,4.5],"tintindex":0,"rotation":180,"texture":"#0"}},"rotation":{"origin":[8.0,-10.48016,-1.0389404],"angle":22.5,"axis":"x"}}],"display":{"gui":{"rotation":[-150.0,-45.0,180.0]}}}