{"textures":{"0":"modelengine:entity/ancestor_hands","particle":"#0"},"elements":[{"from":[19.949821,6.6080685,23.018291],"to":[-3.94981,-2.4100304,-0.18723965],"faces":{"east":{"uv":[6.5,4.375,6.625,4.5],"tintindex":0,"rotation":180,"texture":"#0"},"south":{"uv":[6.5,4.375,6.625,4.5],"tintindex":0,"rotation":180,"texture":"#0"},"north":{"uv":[6.5,4.375,6.625,4.5],"tintindex":0,"rotation":180,"texture":"#0"},"west":{"uv":[6.5,4.375,6.625,4.5],"tintindex":0,"rotation":180,"texture":"#0"},"up":{"uv":[6.5,4.375,6.625,4.5],"tintindex":0,"rotation":180,"texture":"#0"},"down":{"uv":[6.5,4.375,6.625,4.5],"tintindex":0,"rotation":180,"texture":"#0"}},"rotation":{"origin":[7.60863,-5.723751,15.37358],"angle":-22.5,"axis":"x"}},{"from":[19.64982,6.308069,22.71829],"to":[-3.6498098,-2.1100302,0.11276007],"faces":{"east":{"uv":[6.625,4.5,6.75,4.625],"tintindex":0,"rotation":180,"texture":"#0"},"south":{"uv":[6.625,4.5,6.75,4.625],"tintindex":0,"rotation":180,"texture":"#0"},"north":{"uv":[6.625,4.5,6.75,4.625],"tintindex":0,"rotation":180,"texture":"#0"},"west":{"uv":[6.625,4.5,6.75,4.625],"tintindex":0,"rotation":180,"texture":"#0"},"up":{"uv":[6.625,4.5,6.75,4.625],"tintindex":0,"rotation":180,"texture":"#0"},"down":{"uv":[6.625,4.5,6.75,4.625],"tintindex":0,"rotation":180,"texture":"#0"}},"rotation":{"origin":[7.60863,-5.723751,15.37358],"angle":-22.5,"axis":"x"}},{"from":[24.79327,17.23247,23.091671],"to":[-6.7932596,-1.2102203,-3.5379896],"faces":{"east":{"uv":[6.5,4.375,6.625,4.5],"tintindex":0,"rotation":180,"texture":"#0"},"south":{"uv":[6.5,4.375,6.625,4.5],"tintindex":0,"rotation":180,"texture":"#0"},"north":{"uv":[6.5,4.375,6.625,4.5],"tintindex":0,"rotation":180,"texture":"#0"},"west":{"uv":[6.5,4.375,6.625,4.5],"tintindex":0,"rotation":180,"texture":"#0"},"up":{"uv":[6.5,4.375,6.625,4.5],"tintindex":0,"rotation":180,"texture":"#0"},"down":{"uv":[6.5,4.375,6.625,4.5],"tintindex":0,"rotation":180,"texture":"#0"}}},{"from":[-3.3498096,-1.8100309,0.41275978],"to":[19.34982,6.00807,22.41829],"faces":{"east":{"uv":[7.375,4.25,10.125,5.25],"tintindex":0,"rotation":0,"texture":"#0"},"south":{"uv":[2.75,7.125,5.625,8.125],"tintindex":0,"rotation":0,"texture":"#0"},"north":{"uv":[5.625,7.0,8.5,8.0],"tintindex":0,"rotation":0,"texture":"#0"},"west":{"uv":[7.375,5.25,10.125,6.25],"tintindex":0,"rotation":0,"texture":"#0"},"up":{"uv":[2.875,2.75,0.0,0.0],"tintindex":0,"rotation":0,"texture":"#0"},"down":{"uv":[2.875,2.75,0.0,5.5],"tintindex":0,"rotation":0,"texture":"#0"}},"rotation":{"origin":[7.60863,-5.723751,15.37358],"angle":-22.5,"axis":"x"}},{"from":[-6.19326,-0.6102209,-2.9379892],"to":[24.19327,16.63247,22.49167],"faces":{"east":{"uv":[5.625,0.0,8.125,2.125],"tintindex":0,"rotation":0,"texture":"#0"},"south":{"uv":[0.0,5.5,2.75,7.625],"tintindex":0,"rotation":0,"texture":"#0"},"north":{"uv":[2.875,5.0,5.625,7.125],"tintindex":0,"rotation":0,"texture":"#0"},"west":{"uv":[5.625,2.125,8.125,4.25],"tintindex":0,"rotation":0,"texture":"#0"},"up":{"uv":[5.625,2.5,2.875,0.0],"tintindex":0,"rotation":0,"texture":"#0"},"down":{"uv":[5.625,2.5,2.875,5.0],"tintindex":0,"rotation":0,"texture":"#0"}}},{"from":[24.493269,16.93247,22.791672],"to":[-6.4932594,-0.91022015,-3.2379894],"faces":{"east":{"uv":[6.625,4.5,6.75,4.625],"tintindex":0,"rotation":180,"texture":"#0"},"south":{"uv":[6.625,4.5,6.75,4.625],"tintindex":0,"rotation":180,"texture":"#0"},"north":{"uv":[6.625,4.5,6.75,4.625],"tintindex":0,"rotation":180,"texture":"#0"},"west":{"uv":[6.625,4.5,6.75,4.625],"tintindex":0,"rotation":180,"texture":"#0"},"up":{"uv":[6.625,4.5,6.75,4.625],"tintindex":0,"rotation":180,"texture":"#0"},"down":{"uv":[6.625,4.5,6.75,4.625],"tintindex":0,"rotation":180,"texture":"#0"}}}],"display":{"gui":{"rotation":[-150.0,-45.0,180.0]}}}