{"textures":{"0":"modelengine:entity/bloodbound_barrier_long","particle":"#0"},"elements":[{"from":[2.796875,-10.006855,13.656855],"to":[13.203125,1.0931454,13.656855],"faces":{"south":{"uv":[7.6875,9.625,6.375,11.0],"tintindex":0,"rotation":0,"texture":"#0"},"north":{"uv":[6.375,9.625,7.6875,11.0],"tintindex":0,"rotation":0,"texture":"#0"}},"rotation":{"origin":[10.196875,1.2000008,8.0],"angle":45.0,"axis":"x"}}],"display":{"gui":{"rotation":[-150.0,-45.0,180.0]}}}