{"textures":{"0":"modelengine:entity/spirit_dragon","particle":"#0"},"elements":[{"from":[3.725,3.949997,7.8949966],"to":[12.275,12.949997,16.445],"faces":{"east":{"uv":[11.25,4.125,10.625,4.75],"tintindex":0,"rotation":0,"texture":"#0"},"south":{"uv":[11.25,3.5,10.625,4.125],"tintindex":0,"rotation":0,"texture":"#0"},"north":{"uv":[11.25,4.75,10.625,5.375],"tintindex":0,"rotation":0,"texture":"#0"},"west":{"uv":[11.25,5.375,10.625,6.0],"tintindex":0,"rotation":0,"texture":"#0"},"up":{"uv":[7.625,10.8125,7.0,11.4375],"tintindex":0,"rotation":0,"texture":"#0"},"down":{"uv":[8.25,11.4375,7.625,10.8125],"tintindex":0,"rotation":0,"texture":"#0"}}},{"from":[7.145,12.949997,9.605003],"to":[8.855,16.550003,14.735001],"faces":{"east":{"uv":[2.625,11.3125,2.25,11.5625],"tintindex":0,"rotation":0,"texture":"#0"},"south":{"uv":[7.0,11.375,6.875,11.625],"tintindex":0,"rotation":0,"texture":"#0"},"north":{"uv":[10.625,11.375,10.5,11.625],"tintindex":0,"rotation":0,"texture":"#0"},"west":{"uv":[3.0,11.3125,2.625,11.5625],"tintindex":0,"rotation":0,"texture":"#0"},"up":{"uv":[5.875,11.375,5.75,11.75],"tintindex":0,"rotation":0,"texture":"#0"},"down":{"uv":[6.0,11.75,5.875,11.375],"tintindex":0,"rotation":0,"texture":"#0"}}}],"display":{"gui":{"rotation":[-150.0,-45.0,180.0]}}}