{"textures":{"0":"modelengine:entity/nature_hands","particle":"#0"},"elements":[{"from":[11.626671,25.976482,8.430981],"to":[4.37333,5.4164696,-0.3878498],"faces":{"east":{"uv":[4.0,7.125,4.125,7.25],"tintindex":0,"rotation":0,"texture":"#0"},"south":{"uv":[4.0,7.125,4.125,7.25],"tintindex":0,"rotation":0,"texture":"#0"},"north":{"uv":[4.0,7.125,4.125,7.25],"tintindex":0,"rotation":0,"texture":"#0"},"west":{"uv":[4.0,7.125,4.125,7.25],"tintindex":0,"rotation":0,"texture":"#0"},"up":{"uv":[4.0,7.125,4.125,7.25],"tintindex":0,"rotation":180,"texture":"#0"},"down":{"uv":[4.0,7.125,4.125,7.25],"tintindex":0,"rotation":180,"texture":"#0"}},"rotation":{"origin":[8.0,11.0,5.0],"angle":-22.5,"axis":"x"}},{"from":[4.6733303,5.7164726,-0.08785057],"to":[11.32667,25.67648,8.13098],"faces":{"east":{"uv":[4.625,7.0,5.625,9.5],"tintindex":0,"rotation":180,"texture":"#0"},"south":{"uv":[6.625,8.5,7.4375,11.0],"tintindex":0,"rotation":180,"texture":"#0"},"north":{"uv":[7.5,8.5,8.3125,11.0],"tintindex":0,"rotation":180,"texture":"#0"},"west":{"uv":[5.625,7.0,6.625,9.5],"tintindex":0,"rotation":180,"texture":"#0"},"up":{"uv":[6.5625,10.75,5.75,11.75],"tintindex":0,"rotation":0,"texture":"#0"},"down":{"uv":[5.6875,11.75,4.875,10.75],"tintindex":0,"rotation":0,"texture":"#0"}},"rotation":{"origin":[8.0,11.0,5.0],"angle":-22.5,"axis":"x"}},{"from":[3.8905802,1.4113693,1.0862694],"to":[12.109409,11.19569,10.87059],"faces":{"east":{"uv":[2.75,9.75,4.0,11.0],"tintindex":0,"rotation":180,"texture":"#0"},"south":{"uv":[8.375,10.5,9.375,11.75],"tintindex":0,"rotation":180,"texture":"#0"},"north":{"uv":[10.625,0.0,11.625,1.25],"tintindex":0,"rotation":180,"texture":"#0"},"west":{"uv":[9.375,9.75,10.625,11.0],"tintindex":0,"rotation":180,"texture":"#0"},"up":{"uv":[11.625,9.0,10.625,10.25],"tintindex":0,"rotation":0,"texture":"#0"},"down":{"uv":[11.625,9.0,10.625,7.75],"tintindex":0,"rotation":0,"texture":"#0"}},"rotation":{"origin":[8.0,11.0,5.0],"angle":-22.5,"axis":"x"}},{"from":[11.92667,26.276482,8.73098],"to":[4.07333,5.1164703,-0.68785],"faces":{"east":{"uv":[3.625,7.125,3.75,7.25],"tintindex":0,"rotation":0,"texture":"#0"},"south":{"uv":[3.625,7.125,3.75,7.25],"tintindex":0,"rotation":0,"texture":"#0"},"north":{"uv":[3.625,7.125,3.75,7.25],"tintindex":0,"rotation":0,"texture":"#0"},"west":{"uv":[3.625,7.125,3.75,7.25],"tintindex":0,"rotation":0,"texture":"#0"},"up":{"uv":[3.625,7.125,3.75,7.25],"tintindex":0,"rotation":180,"texture":"#0"},"down":{"uv":[3.625,7.125,3.75,7.25],"tintindex":0,"rotation":180,"texture":"#0"}},"rotation":{"origin":[8.0,11.0,5.0],"angle":-22.5,"axis":"x"}},{"from":[12.40941,11.495689,11.170589],"to":[3.59058,1.1113701,0.78627014],"faces":{"east":{"uv":[4.0,7.125,4.125,7.25],"tintindex":0,"rotation":0,"texture":"#0"},"south":{"uv":[4.0,7.125,4.125,7.25],"tintindex":0,"rotation":0,"texture":"#0"},"north":{"uv":[4.0,7.125,4.125,7.25],"tintindex":0,"rotation":0,"texture":"#0"},"west":{"uv":[4.0,7.125,4.125,7.25],"tintindex":0,"rotation":0,"texture":"#0"},"up":{"uv":[4.0,7.125,4.125,7.25],"tintindex":0,"rotation":180,"texture":"#0"},"down":{"uv":[4.0,7.125,4.125,7.25],"tintindex":0,"rotation":180,"texture":"#0"}},"rotation":{"origin":[8.0,11.0,5.0],"angle":-22.5,"axis":"x"}},{"from":[12.70941,11.795692,11.470591],"to":[3.2905798,0.81137085,0.48626995],"faces":{"east":{"uv":[3.625,7.125,3.75,7.25],"tintindex":0,"rotation":0,"texture":"#0"},"south":{"uv":[3.625,7.125,3.75,7.25],"tintindex":0,"rotation":0,"texture":"#0"},"north":{"uv":[3.625,7.125,3.75,7.25],"tintindex":0,"rotation":0,"texture":"#0"},"west":{"uv":[3.625,7.125,3.75,7.25],"tintindex":0,"rotation":0,"texture":"#0"},"up":{"uv":[3.625,7.125,3.75,7.25],"tintindex":0,"rotation":180,"texture":"#0"},"down":{"uv":[3.625,7.125,3.75,7.25],"tintindex":0,"rotation":180,"texture":"#0"}},"rotation":{"origin":[8.0,11.0,5.0],"angle":-22.5,"axis":"x"}}],"display":{"gui":{"rotation":[-150.0,-45.0,180.0]}}}