{"textures":{"0":"modelengine:entity/nature_hands","particle":"#0"},"elements":[{"from":[4.66681,9.0333605,10.93797],"to":[11.33319,24.30994,19.16985],"faces":{"east":{"uv":[8.375,8.5,9.375,10.4375],"tintindex":0,"rotation":180,"texture":"#0"},"south":{"uv":[1.0,9.25,1.8125,11.1875],"tintindex":0,"rotation":180,"texture":"#0"},"north":{"uv":[1.875,9.25,2.6875,11.1875],"tintindex":0,"rotation":180,"texture":"#0"},"west":{"uv":[0.0,9.25,1.0,11.1875],"tintindex":0,"rotation":180,"texture":"#0"},"up":{"uv":[4.0,10.75,4.8125,11.75],"tintindex":0,"rotation":0,"texture":"#0"},"down":{"uv":[10.625,10.25,11.4375,11.25],"tintindex":0,"rotation":0,"texture":"#0"}},"rotation":{"origin":[8.0,26.243399,16.88286],"angle":22.5,"axis":"x"}},{"from":[12.70941,13.227129,28.33687],"to":[3.2905803,2.2428093,17.352549],"faces":{"east":{"uv":[3.625,7.125,3.75,7.25],"tintindex":0,"rotation":0,"texture":"#0"},"south":{"uv":[3.625,7.125,3.75,7.25],"tintindex":0,"rotation":0,"texture":"#0"},"north":{"uv":[3.625,7.125,3.75,7.25],"tintindex":0,"rotation":0,"texture":"#0"},"west":{"uv":[3.625,7.125,3.75,7.25],"tintindex":0,"rotation":0,"texture":"#0"},"up":{"uv":[3.625,7.125,3.75,7.25],"tintindex":0,"rotation":180,"texture":"#0"},"down":{"uv":[3.625,7.125,3.75,7.25],"tintindex":0,"rotation":180,"texture":"#0"}},"rotation":{"origin":[8.0,26.243399,16.88286],"angle":45.0,"axis":"x"}},{"from":[11.9311905,24.907938,19.767849],"to":[4.06881,8.43536,10.33997],"faces":{"east":{"uv":[3.625,7.125,3.75,7.25],"tintindex":0,"rotation":0,"texture":"#0"},"south":{"uv":[3.625,7.125,3.75,7.25],"tintindex":0,"rotation":0,"texture":"#0"},"north":{"uv":[3.625,7.125,3.75,7.25],"tintindex":0,"rotation":0,"texture":"#0"},"west":{"uv":[3.625,7.125,3.75,7.25],"tintindex":0,"rotation":0,"texture":"#0"},"up":{"uv":[3.625,7.125,3.75,7.25],"tintindex":0,"rotation":180,"texture":"#0"},"down":{"uv":[3.625,7.125,3.75,7.25],"tintindex":0,"rotation":180,"texture":"#0"}},"rotation":{"origin":[8.0,26.243399,16.88286],"angle":22.5,"axis":"x"}},{"from":[12.40941,12.92713,28.03687],"to":[3.59058,2.5428104,17.65255],"faces":{"east":{"uv":[4.0,7.125,4.125,7.25],"tintindex":0,"rotation":0,"texture":"#0"},"south":{"uv":[4.0,7.125,4.125,7.25],"tintindex":0,"rotation":0,"texture":"#0"},"north":{"uv":[4.0,7.125,4.125,7.25],"tintindex":0,"rotation":0,"texture":"#0"},"west":{"uv":[4.0,7.125,4.125,7.25],"tintindex":0,"rotation":0,"texture":"#0"},"up":{"uv":[4.0,7.125,4.125,7.25],"tintindex":0,"rotation":180,"texture":"#0"},"down":{"uv":[4.0,7.125,4.125,7.25],"tintindex":0,"rotation":180,"texture":"#0"}},"rotation":{"origin":[8.0,26.243399,16.88286],"angle":45.0,"axis":"x"}},{"from":[3.8905802,2.8428097,17.952549],"to":[12.10941,12.6271305,27.73687],"faces":{"east":{"uv":[9.375,8.5,10.625,9.75],"tintindex":0,"rotation":180,"texture":"#0"},"south":{"uv":[10.0,4.0,11.0,5.25],"tintindex":0,"rotation":180,"texture":"#0"},"north":{"uv":[10.0,5.25,11.0,6.5],"tintindex":0,"rotation":180,"texture":"#0"},"west":{"uv":[4.625,9.5,5.875,10.75],"tintindex":0,"rotation":180,"texture":"#0"},"up":{"uv":[10.5,2.0,11.5,3.25],"tintindex":0,"rotation":0,"texture":"#0"},"down":{"uv":[10.0,6.5,11.0,7.75],"tintindex":0,"rotation":0,"texture":"#0"}},"rotation":{"origin":[8.0,26.243399,16.88286],"angle":45.0,"axis":"x"}},{"from":[11.63119,24.607939,19.46785],"to":[4.36881,8.735359,10.639971],"faces":{"east":{"uv":[4.0,7.125,4.125,7.25],"tintindex":0,"rotation":0,"texture":"#0"},"south":{"uv":[4.0,7.125,4.125,7.25],"tintindex":0,"rotation":0,"texture":"#0"},"north":{"uv":[4.0,7.125,4.125,7.25],"tintindex":0,"rotation":0,"texture":"#0"},"west":{"uv":[4.0,7.125,4.125,7.25],"tintindex":0,"rotation":0,"texture":"#0"},"up":{"uv":[4.0,7.125,4.125,7.25],"tintindex":0,"rotation":180,"texture":"#0"},"down":{"uv":[4.0,7.125,4.125,7.25],"tintindex":0,"rotation":180,"texture":"#0"}},"rotation":{"origin":[8.0,26.243399,16.88286],"angle":22.5,"axis":"x"}}],"display":{"gui":{"rotation":[-150.0,-45.0,180.0]}}}