{"textures":{"0":"modelengine:entity/nature_hands","particle":"#0"},"elements":[{"from":[19.64982,18.11003,15.887239],"to":[-3.6498098,9.691929,-6.7182894],"faces":{"east":{"uv":[4.0,7.125,4.125,7.25],"tintindex":0,"rotation":0,"texture":"#0"},"south":{"uv":[4.0,7.125,4.125,7.25],"tintindex":0,"rotation":0,"texture":"#0"},"north":{"uv":[4.0,7.125,4.125,7.25],"tintindex":0,"rotation":0,"texture":"#0"},"west":{"uv":[4.0,7.125,4.125,7.25],"tintindex":0,"rotation":0,"texture":"#0"},"up":{"uv":[4.0,7.125,4.125,7.25],"tintindex":0,"rotation":180,"texture":"#0"},"down":{"uv":[4.0,7.125,4.125,7.25],"tintindex":0,"rotation":180,"texture":"#0"}},"rotation":{"origin":[7.60863,21.723751,0.62642],"angle":-22.5,"axis":"x"}},{"from":[19.949821,18.410028,16.18724],"to":[-3.94981,9.39193,-7.0182896],"faces":{"east":{"uv":[3.625,7.125,3.75,7.25],"tintindex":0,"rotation":0,"texture":"#0"},"south":{"uv":[3.625,7.125,3.75,7.25],"tintindex":0,"rotation":0,"texture":"#0"},"north":{"uv":[3.625,7.125,3.75,7.25],"tintindex":0,"rotation":0,"texture":"#0"},"west":{"uv":[3.625,7.125,3.75,7.25],"tintindex":0,"rotation":0,"texture":"#0"},"up":{"uv":[3.625,7.125,3.75,7.25],"tintindex":0,"rotation":180,"texture":"#0"},"down":{"uv":[3.625,7.125,3.75,7.25],"tintindex":0,"rotation":180,"texture":"#0"}},"rotation":{"origin":[7.60863,21.723751,0.62642],"angle":-22.5,"axis":"x"}},{"from":[24.493269,16.91022,19.237991],"to":[-6.4932594,-0.9324703,-6.79167],"faces":{"east":{"uv":[4.0,7.125,4.125,7.25],"tintindex":0,"rotation":0,"texture":"#0"},"south":{"uv":[4.0,7.125,4.125,7.25],"tintindex":0,"rotation":0,"texture":"#0"},"north":{"uv":[4.0,7.125,4.125,7.25],"tintindex":0,"rotation":0,"texture":"#0"},"west":{"uv":[4.0,7.125,4.125,7.25],"tintindex":0,"rotation":0,"texture":"#0"},"up":{"uv":[4.0,7.125,4.125,7.25],"tintindex":0,"rotation":180,"texture":"#0"},"down":{"uv":[4.0,7.125,4.125,7.25],"tintindex":0,"rotation":180,"texture":"#0"}}},{"from":[-3.3498096,9.99193,-6.418289],"to":[19.34982,17.81003,15.58724],"faces":{"east":{"uv":[7.75,2.0,10.5,3.0],"tintindex":0,"rotation":180,"texture":"#0"},"south":{"uv":[7.75,0.0,10.5625,1.0],"tintindex":0,"rotation":180,"texture":"#0"},"north":{"uv":[7.75,1.0,10.5625,2.0],"tintindex":0,"rotation":180,"texture":"#0"},"west":{"uv":[7.75,3.0,10.5,4.0],"tintindex":0,"rotation":180,"texture":"#0"},"up":{"uv":[2.8125,6.5,0.0,9.25],"tintindex":0,"rotation":0,"texture":"#0"},"down":{"uv":[6.6875,7.0,3.875,4.25],"tintindex":0,"rotation":0,"texture":"#0"}},"rotation":{"origin":[7.60863,21.723751,0.62642],"angle":-22.5,"axis":"x"}},{"from":[24.79327,17.21022,19.53799],"to":[-6.7932596,-1.2324705,-7.091669],"faces":{"east":{"uv":[3.625,7.125,3.75,7.25],"tintindex":0,"rotation":0,"texture":"#0"},"south":{"uv":[3.625,7.125,3.75,7.25],"tintindex":0,"rotation":0,"texture":"#0"},"north":{"uv":[3.625,7.125,3.75,7.25],"tintindex":0,"rotation":0,"texture":"#0"},"west":{"uv":[3.625,7.125,3.75,7.25],"tintindex":0,"rotation":0,"texture":"#0"},"up":{"uv":[3.625,7.125,3.75,7.25],"tintindex":0,"rotation":180,"texture":"#0"},"down":{"uv":[3.625,7.125,3.75,7.25],"tintindex":0,"rotation":180,"texture":"#0"}}},{"from":[-6.19326,-0.63247013,-6.4916697],"to":[24.19327,16.61022,18.93799],"faces":{"east":{"uv":[6.75,4.25,9.9375,6.375],"tintindex":0,"rotation":180,"texture":"#0"},"south":{"uv":[3.875,0.0,7.6875,2.125],"tintindex":0,"rotation":180,"texture":"#0"},"north":{"uv":[3.875,2.125,7.6875,4.25],"tintindex":0,"rotation":180,"texture":"#0"},"west":{"uv":[6.75,6.375,9.9375,8.5],"tintindex":0,"rotation":180,"texture":"#0"},"up":{"uv":[3.8125,3.25,0.0,6.4375],"tintindex":0,"rotation":0,"texture":"#0"},"down":{"uv":[3.8125,3.1875,0.0,0.0],"tintindex":0,"rotation":0,"texture":"#0"}}}],"display":{"gui":{"rotation":[-150.0,-45.0,180.0]}}}