{"textures":{"0":"modelengine:entity/spirit_wolf","particle":"#0"},"elements":[{"from":[6.55709,3.7970505,8.08406],"to":[8.05709,11.79705,8.08406],"faces":{"south":{"uv":[16.0,0.0,15.6875,1.0],"tintindex":0,"rotation":0,"texture":"#0"},"north":{"uv":[15.6875,0.0,16.0,1.0],"tintindex":0,"rotation":0,"texture":"#0"}},"rotation":{"origin":[7.30709,7.7970505,8.08406],"angle":22.5,"axis":"y"}},{"from":[7.94291,3.7970505,8.08406],"to":[9.44291,11.79705,8.08406],"faces":{"south":{"uv":[15.6875,0.0,15.375,1.0],"tintindex":0,"rotation":0,"texture":"#0"},"north":{"uv":[15.375,0.0,15.6875,1.0],"tintindex":0,"rotation":0,"texture":"#0"}},"rotation":{"origin":[8.69291,7.7970505,8.08406],"angle":-22.5,"axis":"y"}}],"display":{"gui":{"rotation":[-150.0,-45.0,180.0]}}}